,raw,miss
len,4216.0,155.0
unique addr,863.0,155.0
unique deltas,352.0,76.0
rare deltas (< 10),329.0,75.0
unique deltas (no rare),23.0,1.0
rare deltas fract,0.840370018975332,0.4967741935483871
deltas 50% mass,176.0,38.0
deltas 50K coverage,142.04545454545453,657.8947368421053
